<ImportExportXml xmlns:xsi="http://www.w3.org/2001/XMLSchema-instance">
  <Entities></Entities>
  <Roles></Roles>
  <Workflows>
    <Workflow WorkflowId="{9a2ddd56-2dbc-ee11-a569-6045bd9050cd}" Name="CEP RDD - Mail Cycle de Validation">
      <JsonFileName>/Workflows/CEPRDD-MailCycledeValidation-9A2DDD56-2DBC-EE11-A569-6045BD9050CD.json</JsonFileName>
      <Type>1</Type>
      <Subprocess>0</Subprocess>
      <Category>5</Category>
      <Mode>0</Mode>
      <Scope>4</Scope>
      <OnDemand>0</OnDemand>
      <TriggerOnCreate>0</TriggerOnCreate>
      <TriggerOnDelete>0</TriggerOnDelete>
      <AsyncAutodelete>0</AsyncAutodelete>
      <SyncWorkflowLogOnFailure>0</SyncWorkflowLogOnFailure>
      <StateCode>1</StateCode>
      <StatusCode>2</StatusCode>
      <RunAs>1</RunAs>
      <IsTransacted>1</IsTransacted>
      <IntroducedVersion>1.0.0.0</IntroducedVersion>
      <IsCustomizable>1</IsCustomizable>
      <BusinessProcessType>0</BusinessProcessType>
      <IsCustomProcessingStepAllowedForOtherPublishers>1</IsCustomProcessingStepAllowedForOtherPublishers>
      <PrimaryEntity>none</PrimaryEntity>
      <LocalizedNames>
        <LocalizedName languagecode="1036" description="CEP RDD - Mail Cycle de Validation" />
      </LocalizedNames>
    </Workflow>
    <Workflow WorkflowId="{f9286d44-a4b3-ee11-a569-6045bd905923}" Name="CEP RDD - Nouveau RDD">
      <JsonFileName>/Workflows/CEPRDD-NouveauRDD-F9286D44-A4B3-EE11-A569-6045BD905923.json</JsonFileName>
      <Type>1</Type>
      <Subprocess>0</Subprocess>
      <Category>5</Category>
      <Mode>0</Mode>
      <Scope>4</Scope>
      <OnDemand>0</OnDemand>
      <TriggerOnCreate>0</TriggerOnCreate>
      <TriggerOnDelete>0</TriggerOnDelete>
      <AsyncAutodelete>0</AsyncAutodelete>
      <SyncWorkflowLogOnFailure>0</SyncWorkflowLogOnFailure>
      <StateCode>1</StateCode>
      <StatusCode>2</StatusCode>
      <RunAs>1</RunAs>
      <IsTransacted>1</IsTransacted>
      <IntroducedVersion>1.0.0.0</IntroducedVersion>
      <IsCustomizable>1</IsCustomizable>
      <BusinessProcessType>0</BusinessProcessType>
      <IsCustomProcessingStepAllowedForOtherPublishers>1</IsCustomProcessingStepAllowedForOtherPublishers>
      <BillingContext>[{"id":"ceprdd_ceprdd_67a08","type":"UnifiedApp","metadata":{"displayName":"CEP RDD"}}]</BillingContext>
      <PrimaryEntity>none</PrimaryEntity>
      <LocalizedNames>
        <LocalizedName languagecode="1036" description="CEP RDD - Nouveau RDD" />
      </LocalizedNames>
    </Workflow>
  </Workflows>
  <FieldSecurityProfiles></FieldSecurityProfiles>
  <Templates />
  <EntityMaps />
  <EntityRelationships />
  <OrganizationSettings />
  <optionsets />
  <CustomControls />
  <EntityDataProviders />
  <CanvasApps>
    <CanvasApp>
      <Name>ceprdd_ceprdd_67a08</Name>
      <AppVersion>2024-01-30T14:57:33Z</AppVersion>
      <Status>Ready</Status>
      <CreatedByClientVersion>3.24013.17.0</CreatedByClientVersion>
      <MinClientVersion>3.24013.17.0</MinClientVersion>
      <Tags>{"primaryDeviceWidth":"1366","primaryDeviceHeight":"768","supportsPortrait":"true","supportsLandscape":"true","primaryFormFactor":"Tablet","publisherVersion":"3.24013.17","minimumRequiredApiVersion":"2.2.0","hasComponent":"false","hasUnlockedComponent":"false","isUnifiedRootApp":"false","sienaVersion":"20240129T175252Z-3.24013.17.0","showStatusBar":"false","offlineLargeFilesSupport":"false"}</Tags>
      <IsCdsUpgraded>0</IsCdsUpgraded>
      <GalleryItemId xsi:nil="true"></GalleryItemId>
      <BackgroundColor>rgba(184, 0, 0, 1)</BackgroundColor>
      <DisplayName>CEP RDD</DisplayName>
      <Description xsi:nil="true"></Description>
      <CommitMessage xsi:nil="true"></CommitMessage>
      <Publisher xsi:nil="true"></Publisher>
      <AuthorizationReferences>[]</AuthorizationReferences>
      <ConnectionReferences>{"9436ea11-4240-4e72-b299-d22b9409df22":{"id":"/providers/microsoft.powerapps/apis/shared_office365users","displayName":"Utilisateurs d’Office 365","iconUri":"https://connectoricons-prod.azureedge.net/releases/v1.0.1672/1.0.1672.3545/office365users/icon.png","dataSources":["Utilisateursd’Office365"],"dependencies":[],"dependents":[],"parameterHints":{},"parameterHintsV2":{},"isOnPremiseConnection":false,"bypassConsent":false,"dataSets":{},"apiTier":"Standard"},"4072788a-fed9-47e5-8a9c-9b108ebd0a8b":{"id":"/providers/microsoft.powerapps/apis/shared_logicflows","displayName":"Flux logiques","iconUri":"https://connectoricons-prod.azureedge.net/releases/v1.0.1664/1.0.1664.3477/logicflows/icon.png","dataSources":["CEPRDD-NouveauRDD"],"dependencies":["29451e75-c26a-4342-a238-35b5182d2dc6"],"dependents":[],"parameterHints":{"workflowName":{"value":"0caf1691-8982-44d3-aabf-7e91570a13c3"},"workflowEntityId":{"value":"f9286d44-a4b3-ee11-a569-6045bd905923"},"29451e75-c26a-4342-a238-35b5182d2dc6":{"value":"shared_sharepointonline_1"}},"parameterHintsV2":{"workflowName":{"value":"0caf1691-8982-44d3-aabf-7e91570a13c3"},"workflowEntityId":{"value":"f9286d44-a4b3-ee11-a569-6045bd905923"},"shared_sharepointonline_1":{"value":"29451e75-c26a-4342-a238-35b5182d2dc6"}},"isOnPremiseConnection":false,"bypassConsent":false,"dataSets":{},"apiTier":"Standard","actions":["Run"]},"29451e75-c26a-4342-a238-35b5182d2dc6":{"id":"/providers/microsoft.powerapps/apis/shared_sharepointonline","displayName":"SharePoint","iconUri":"https://connectoricons-prod.azureedge.net/releases/v1.0.1670/1.0.1670.3526/sharepointonline/icon.png","dataSources":["CEP_RDD","CEP_RDD_Validations","CEP_RDD_Membres"],"dependencies":[],"dependents":["4072788a-fed9-47e5-8a9c-9b108ebd0a8b"],"parameterHints":{},"parameterHintsV2":{},"isOnPremiseConnection":false,"bypassConsent":false,"dataSets":{},"apiTier":"Standard","actions":["providers/PowerPlatform.Governance/Operations/Read","providers/PowerPlatform.Governance/Operations/Write"]},"35769031-d4a0-4ee7-b1b2-44104549fbed":{"id":"/providers/microsoft.powerapps/apis/shared_sharepointonline","displayName":"SharePoint","iconUri":"https://connectoricons-prod.azureedge.net/releases/v1.0.1670/1.0.1670.3526/sharepointonline/icon.png","dataSources":["CEP_RDD_Membres","CEP_RDD_Validations","CEP_RDD"],"dependencies":[],"dependents":[],"parameterHints":{},"parameterHintsV2":{},"isOnPremiseConnection":false,"bypassConsent":false,"dataSets":{"https://edfonline.sharepoint.com/sites/DPNT-EM-CEP":{"dataSources":{"CEP_RDD_Membres":{"tableName":"34efcccb-9656-4b21-97be-855b7d8aa9b1"},"CEP_RDD_Validations":{"tableName":"df7a1b44-c31b-48c3-a6cc-cb3941ea0701"},"CEP_RDD":{"tableName":"5b5fbba2-9ce5-430f-9c9a-bc133e2de0aa"}}}},"apiTier":"Standard","actions":["providers/PowerPlatform.Governance/Operations/Read","providers/PowerPlatform.Governance/Operations/Write"]},"523d189f-d41e-4a6f-9431-245fcddd7a79":{"id":"/providers/microsoft.powerapps/apis/shared_logicflows","displayName":"Flux logiques","iconUri":"https://connectoricons-prod.azureedge.net/releases/v1.0.1664/1.0.1664.3477/logicflows/icon.png","dataSources":["CEPRDD-MailCycledeValidation"],"dependencies":["c9cfc9e3-7e6d-4114-94ae-c5a814d28fb0"],"dependents":[],"parameterHints":{"workflowName":{"value":"c9480e96-22f0-409e-ab54-edbb11e36959"},"workflowEntityId":{"value":"9a2ddd56-2dbc-ee11-a569-6045bd9050cd"},"c9cfc9e3-7e6d-4114-94ae-c5a814d28fb0":{"value":"shared_office365"}},"parameterHintsV2":{"workflowName":{"value":"c9480e96-22f0-409e-ab54-edbb11e36959"},"workflowEntityId":{"value":"9a2ddd56-2dbc-ee11-a569-6045bd9050cd"},"shared_office365":{"value":"c9cfc9e3-7e6d-4114-94ae-c5a814d28fb0"}},"isOnPremiseConnection":false,"bypassConsent":false,"dataSets":{},"apiTier":"Standard","actions":["Run"]},"c9cfc9e3-7e6d-4114-94ae-c5a814d28fb0":{"id":"/providers/microsoft.powerapps/apis/shared_office365","displayName":"Office 365 Outlook","iconUri":"https://connectoricons-prod.azureedge.net/releases/v1.0.1669/1.0.1669.3522/office365/icon.png","dataSources":[],"dependencies":[],"dependents":["523d189f-d41e-4a6f-9431-245fcddd7a79"],"parameterHints":{},"parameterHintsV2":{},"isOnPremiseConnection":false,"bypassConsent":false,"dataSets":{},"apiTier":"Standard"}}</ConnectionReferences>
      <DatabaseReferences>{}</DatabaseReferences>
      <AppComponents>[]</AppComponents>
      <AppComponentDependencies>[]</AppComponentDependencies>
      <CanConsumeAppPass>1</CanConsumeAppPass>
      <CanvasAppType>0</CanvasAppType>
      <BypassConsent>0</BypassConsent>
      <AdminControlBypassConsent>0</AdminControlBypassConsent>
      <EmbeddedApp xsi:nil="true"></EmbeddedApp>
      <IntroducedVersion>1.0</IntroducedVersion>
      <CdsDependencies>{"cdsdependencies":[{"dependencyid":"f9286d44-a4b3-ee11-a569-6045bd905923","componenttype":29,"componenttypeplatformname":"Workflow"},{"dependencyid":"9a2ddd56-2dbc-ee11-a569-6045bd9050cd","componenttype":29,"componenttypeplatformname":"Workflow"}]}</CdsDependencies>
      <IsCustomizable>1</IsCustomizable>
      <BackgroundImageUri>/CanvasApps/ceprdd_ceprdd_67a08_BackgroundImageUri</BackgroundImageUri>
      <DocumentUri>/CanvasApps/ceprdd_ceprdd_67a08_DocumentUri.msapp</DocumentUri>
      <AdditionalUris>
        <AdditionalUri>/CanvasApps/ceprdd_ceprdd_67a08_AdditionalUris0_identity.json</AdditionalUri>
      </AdditionalUris>
    </CanvasApp>
  </CanvasApps>
  <connectionreferences>
    <connectionreference connectionreferencelogicalname="ceprdd_sharedoffice365_da382">
      <connectionreferencedisplayname>CEP RDD - RE Co Office 365 Outlook</connectionreferencedisplayname>
      <connectorid>/providers/Microsoft.PowerApps/apis/shared_office365</connectorid>
      <iscustomizable>1</iscustomizable>
      <statecode>0</statecode>
      <statuscode>1</statuscode>
    </connectionreference>
    <connectionreference connectionreferencelogicalname="ceprdd_sharedsharepointonline_a4085">
      <connectionreferencedisplayname>CEP RDD - Ref Co SharePoint</connectionreferencedisplayname>
      <connectorid>/providers/Microsoft.PowerApps/apis/shared_sharepointonline</connectorid>
      <iscustomizable>1</iscustomizable>
      <statecode>0</statecode>
      <statuscode>1</statuscode>
    </connectionreference>
  </connectionreferences>
  <Languages>
    <Language>1036</Language>
  </Languages>
</ImportExportXml>