{
  "properties": {
    "connectionReferences": {
      "shared_sharepointonline_1": {
        "runtimeSource": "invoker",
        "connection": {
          "connectionReferenceLogicalName": "ceprdd_sharedsharepointonline_a4085"
        },
        "api": {
          "name": "shared_sharepointonline"
        }
      }
    },
    "definition": {
      "$schema": "https://schema.management.azure.com/providers/Microsoft.Logic/schemas/2016-06-01/workflowdefinition.json#",
      "contentVersion": "1.0.0.0",
      "parameters": {
        "$connections": {
          "defaultValue": {},
          "type": "Object"
        },
        "$authentication": {
          "defaultValue": {},
          "type": "SecureObject"
        }
      },
      "triggers": {
        "manual": {
          "metadata": {
            "operationMetadataId": "32527146-60e3-4113-9205-83520ddac214"
          },
          "type": "Request",
          "kind": "PowerAppV2",
          "inputs": {
            "schema": {
              "type": "object",
              "properties": {
                "file": {
                  "description": "Sélectionnez un fichier ou une image",
                  "title": "DocumentRDD",
                  "type": "object",
                  "properties": {
                    "name": {
                      "type": "string"
                    },
                    "contentBytes": {
                      "type": "string",
                      "format": "byte"
                    }
                  },
                  "x-ms-content-hint": "FILE",
                  "x-ms-dynamically-added": true
                },
                "text": {
                  "description": "Tapez votre entrée",
                  "title": "Sujet",
                  "type": "string",
                  "x-ms-content-hint": "TEXT",
                  "x-ms-dynamically-added": true
                },
                "date": {
                  "title": "Date_CEP",
                  "type": "string",
                  "format": "date",
                  "x-ms-dynamically-added": true,
                  "description": "Entrez ou sélectionnez une date (YYYY-MM-JJ)",
                  "x-ms-content-hint": "DATE"
                },
                "text_1": {
                  "title": "Porteur_Claims",
                  "type": "string",
                  "x-ms-dynamically-added": true,
                  "description": "Tapez votre entrée",
                  "x-ms-content-hint": "TEXT"
                },
                "text_3": {
                  "title": "Lien",
                  "type": "string",
                  "x-ms-dynamically-added": true,
                  "description": "Tapez votre entrée",
                  "x-ms-content-hint": "TEXT"
                },
                "text_4": {
                  "title": "Lien_Texte",
                  "type": "string",
                  "x-ms-dynamically-added": true,
                  "description": "Tapez votre entrée",
                  "x-ms-content-hint": "TEXT"
                }
              },
              "required": [
                "file",
                "text",
                "date",
                "text_1",
                "text_3",
                "text_4"
              ]
            }
          }
        }
      },
      "actions": {
        "Étendue": {
          "actions": {
            "Créer_un_fichier": {
              "runAfter": {},
              "metadata": {
                "operationMetadataId": "e28f5d0a-865e-457c-ad03-59100b04d3eb"
              },
              "type": "OpenApiConnection",
              "inputs": {
                "host": {
                  "connectionName": "shared_sharepointonline_1",
                  "operationId": "CreateFile",
                  "apiId": "/providers/Microsoft.PowerApps/apis/shared_sharepointonline"
                },
                "parameters": {
                  "dataset": "https://edfonline.sharepoint.com/sites/DPNT-EM-CEP",
                  "folderPath": "/CEP_RDD",
                  "name": "@triggerBody()['file']['name']",
                  "body": "@triggerBody()['file']['contentBytes']"
                },
                "authentication": "@parameters('$authentication')"
              }
            },
            "Mettre_à_jour_les_propriétés_du_fichier": {
              "runAfter": {
                "Créer_un_fichier": [
                  "Succeeded"
                ]
              },
              "metadata": {
                "operationMetadataId": "33990b70-6c4e-4fcc-a494-f0f710e4a2ca"
              },
              "type": "OpenApiConnection",
              "inputs": {
                "host": {
                  "connectionName": "shared_sharepointonline_1",
                  "operationId": "PatchFileItem",
                  "apiId": "/providers/Microsoft.PowerApps/apis/shared_sharepointonline"
                },
                "parameters": {
                  "dataset": "https://edfonline.sharepoint.com/sites/DPNT-EM-CEP",
                  "table": "5b5fbba2-9ce5-430f-9c9a-bc133e2de0aa",
                  "id": "@outputs('Créer_un_fichier')?['body/ItemId']",
                  "item/StatutValidation/Value": "Brouillon",
                  "item/Sujet": "@triggerBody()['text']",
                  "item/Porteur/Claims": "@triggerBody()['text_1']",
                  "item/DateCEP": "@triggerBody()['date']",
                  "item/Lien": "@triggerBody()['text_3']",
                  "item/TexteRemplacementLien": "@triggerBody()['text_4']"
                },
                "authentication": "@parameters('$authentication')"
              }
            }
          },
          "runAfter": {},
          "metadata": {
            "operationMetadataId": "1121e902-e1bf-4877-978d-684979e8f277"
          },
          "type": "Scope"
        },
        "Répondre_à_une_instance_PowerApp_ou_à_un_flux": {
          "runAfter": {
            "Étendue": [
              "Succeeded"
            ]
          },
          "metadata": {
            "operationMetadataId": "fb9e2389-25c0-4b60-b47f-ddffc39db92e"
          },
          "type": "Response",
          "kind": "PowerApp",
          "inputs": {
            "statusCode": 200,
            "body": {
              "id": "@outputs('Mettre_à_jour_les_propriétés_du_fichier')?['body/ID']"
            },
            "schema": {
              "type": "object",
              "properties": {
                "id": {
                  "title": "ID",
                  "x-ms-dynamically-added": true,
                  "type": "number"
                }
              }
            }
          }
        },
        "Répondre_à_une_instance_PowerApp_ou_à_un_flux_2": {
          "runAfter": {
            "Étendue": [
              "Failed",
              "Skipped",
              "TimedOut"
            ]
          },
          "metadata": {
            "operationMetadataId": "341038a5-eaf1-4e10-8ba2-f6f481e58a72"
          },
          "type": "Response",
          "kind": "PowerApp",
          "inputs": {
            "statusCode": 200,
            "body": {
              "id": -1
            },
            "schema": {
              "type": "object",
              "properties": {
                "id": {
                  "title": "ID",
                  "x-ms-dynamically-added": true,
                  "type": "number"
                }
              }
            }
          }
        }
      },
      "outputs": {}
    },
    "templateName": ""
  },
  "schemaVersion": "1.0.0.0"
}