{
  "properties": {
    "connectionReferences": {
      "shared_office365": {
        "runtimeSource": "invoker",
        "connection": {
          "connectionReferenceLogicalName": "ceprdd_sharedoffice365_da382"
        },
        "api": {
          "name": "shared_office365"
        }
      }
    },
    "definition": {
      "$schema": "https://schema.management.azure.com/providers/Microsoft.Logic/schemas/2016-06-01/workflowdefinition.json#",
      "contentVersion": "1.0.0.0",
      "parameters": {
        "$connections": {
          "defaultValue": {},
          "type": "Object"
        },
        "$authentication": {
          "defaultValue": {},
          "type": "SecureObject"
        }
      },
      "triggers": {
        "manual": {
          "metadata": {
            "operationMetadataId": "05c0b623-aff8-40b6-b928-975672253e1c"
          },
          "type": "Request",
          "kind": "PowerAppV2",
          "inputs": {
            "schema": {
              "type": "object",
              "properties": {
                "email": {
                  "title": "MailDestinatiare",
                  "type": "string",
                  "format": "email",
                  "x-ms-dynamically-added": true,
                  "description": "Entrez une adresse de courrier",
                  "x-ms-content-hint": "EMAIL"
                },
                "text": {
                  "title": "SujetCEP",
                  "type": "string",
                  "x-ms-dynamically-added": true,
                  "description": "Tapez votre entrée",
                  "x-ms-content-hint": "TEXT"
                },
                "text_1": {
                  "title": "Prénom",
                  "type": "string",
                  "x-ms-dynamically-added": true,
                  "description": "Tapez votre entrée",
                  "x-ms-content-hint": "TEXT"
                },
                "boolean": {
                  "title": "Porteur",
                  "type": "boolean",
                  "x-ms-dynamically-added": true,
                  "description": "Sélectionnez Oui ou Non",
                  "x-ms-content-hint": "BOOLEAN"
                },
                "text_2": {
                  "title": "DateCEP",
                  "type": "string",
                  "x-ms-dynamically-added": true,
                  "description": "Tapez votre entrée",
                  "x-ms-content-hint": "TEXT"
                },
                "text_3": {
                  "title": "LienURL",
                  "type": "string",
                  "x-ms-dynamically-added": true,
                  "description": "Tapez votre entrée",
                  "x-ms-content-hint": "TEXT"
                },
                "text_4": {
                  "title": "DisplayNameEmetteur",
                  "type": "string",
                  "x-ms-dynamically-added": true,
                  "description": "Tapez votre entrée",
                  "x-ms-content-hint": "TEXT"
                }
              },
              "required": [
                "email",
                "text",
                "text_1",
                "boolean",
                "text_2",
                "text_3",
                "text_4"
              ]
            }
          }
        }
      },
      "actions": {
        "Condition": {
          "actions": {
            "Envoyer_un_e-mail_(V2)": {
              "runAfter": {},
              "metadata": {
                "operationMetadataId": "f1190671-f5ca-4cbc-88f7-77f6f4e459a3"
              },
              "type": "OpenApiConnection",
              "inputs": {
                "host": {
                  "connectionName": "shared_office365",
                  "operationId": "SendEmailV2",
                  "apiId": "/providers/Microsoft.PowerApps/apis/shared_office365"
                },
                "parameters": {
                  "emailMessage/To": "@triggerBody()['email']",
                  "emailMessage/Subject": "[DEMANDE VALIDATION RDD CEP] - @{triggerBody()['text']}",
                  "emailMessage/Body": "<p>Bonjour @{triggerBody()['text_1']},<br>\n<br>\nSuite au CEP du @{triggerBody()['text_2']}, je tiens à vous informer que la chaîne de validation du dossier <strong></strong><strong>@{triggerBody()['text']}</strong><strong></strong> que vous avez porté a été lancée.<br>\n<br>\nVous êtes invité prendre connaissance du RDD et donner votre réponse en utilisant l'application <strong>CEP RDD </strong>à laquelle vous pouvez accéder en <strong>cliquant ci-dessous : <br>\n<a href =@{triggerBody()['text_3']}>Ouvrir l'application CEP RDD</a><br></strong>\n</strong><br>\nUne fois votre validation effectuée, la chaîne de validation sera ouverte pour les autres membres du CEP. Nous vous encourageons à suivre la progression de la chaîne de validation à travers l'application.<br>\n<br>\nLorsque toutes les validations seront obtenues, un e-mail final vous sera envoyé pour vous informer de la clôture du processus de validation.<br>\n<br>\nNous vous remercions par avance pour votre engagement dans ce processus.<br>\nCordialement,<br>\n@{triggerBody()['text_4']}<br>\n<br>\n<em>[Ce mail a été envoyé automatiquement, vous pouvez y répondre]</em></p>",
                  "emailMessage/Importance": "Normal"
                },
                "authentication": "@parameters('$authentication')"
              }
            }
          },
          "runAfter": {},
          "else": {
            "actions": {
              "Envoyer_un_e-mail_(V2)_2": {
                "runAfter": {},
                "metadata": {
                  "operationMetadataId": "5a08d5c0-aabb-4562-a591-2fa17b16cbd5"
                },
                "type": "OpenApiConnection",
                "inputs": {
                  "host": {
                    "connectionName": "shared_office365",
                    "operationId": "SendEmailV2",
                    "apiId": "/providers/Microsoft.PowerApps/apis/shared_office365"
                  },
                  "parameters": {
                    "emailMessage/To": "@triggerBody()['email']",
                    "emailMessage/Subject": "[DEMANDE VALIDATION RDD CEP] - @{triggerBody()['text']}",
                    "emailMessage/Body": "<p>Bonjour @{triggerBody()['text_1']},<br>\n<br>\nSuite au CEP du @{triggerBody()['text_2']}, je tiens à vous informer que la chaîne de validation du dossier <strong>@{triggerBody()['text']}</strong><strong></strong> a été lancée.<br>\n<br>\nVous êtes invité prendre connaissance du RDD et donner votre réponse en utilisant l'application <strong>CEP RDD </strong>à laquelle vous pouvez accéder <strong>en cliquant ici : </strong>@{triggerBody()['text_3']}<strong><br>\n</strong><br>\nUne fois votre validation effectuée, la chaîne de validation sera ouverte aux membres CEP suivants.<br>\n<br>\nLorsque toutes les validations seront obtenues, un e-mail final vous sera envoyé pour vous informer de la clôture du processus de validation.<br>\n<br>\nNous vous remercions par avance pour votre engagement dans ce processus.<br>\nCordialement,<br>\n@{triggerBody()['text_4']}<br>\n<br>\n<em>[Ce mail a été envoyé automatiquement, vous pouvez y répondre]</em></p>",
                    "emailMessage/Importance": "Normal"
                  },
                  "authentication": "@parameters('$authentication')"
                }
              }
            }
          },
          "expression": {
            "equals": [
              "@triggerBody()['boolean']",
              true
            ]
          },
          "metadata": {
            "operationMetadataId": "1b1fb5d2-edfd-4e84-8e17-de6db3b6be29"
          },
          "type": "If"
        }
      }
    },
    "templateName": ""
  },
  "schemaVersion": "1.0.0.0"
}