<ImportExportXml xmlns:xsi="http://www.w3.org/2001/XMLSchema-instance">
  <Entities></Entities>
  <Roles></Roles>
  <Workflows></Workflows>
  <FieldSecurityProfiles></FieldSecurityProfiles>
  <Templates />
  <EntityMaps />
  <EntityRelationships />
  <OrganizationSettings />
  <optionsets />
  <CustomControls />
  <EntityDataProviders />
  <CanvasApps>
    <CanvasApp>
      <Name>hubpp_hubgouvernancepowerplatformdpnt_98be8</Name>
      <AppVersion>2024-01-16T07:36:27Z</AppVersion>
      <Status>Ready</Status>
      <CreatedByClientVersion>3.23123.14.0</CreatedByClientVersion>
      <MinClientVersion>3.23123.14.0</MinClientVersion>
      <Tags>{"primaryDeviceWidth":"1366","primaryDeviceHeight":"768","supportsPortrait":"true","supportsLandscape":"true","primaryFormFactor":"Tablet","publisherVersion":"3.23123.14","minimumRequiredApiVersion":"2.2.0","hasComponent":"false","hasUnlockedComponent":"false","isUnifiedRootApp":"false","sienaVersion":"20240111T180321Z-3.23123.14.0","showStatusBar":"false","offlineLargeFilesSupport":"false"}</Tags>
      <IsCdsUpgraded>0</IsCdsUpgraded>
      <GalleryItemId xsi:nil="true"></GalleryItemId>
      <BackgroundColor>rgba(184, 0, 0, 1)</BackgroundColor>
      <DisplayName>Hub Gouvernance Power Platform DPNT</DisplayName>
      <Description>Centralisation de toutes les informations et liens utiles concernant la Power Platform au sein de la DPNT</Description>
      <CommitMessage xsi:nil="true"></CommitMessage>
      <Publisher xsi:nil="true"></Publisher>
      <AuthorizationReferences>[]</AuthorizationReferences>
      <ConnectionReferences>{"bfb90945-81ec-4f10-be82-d013aa6026e6":{"id":"/providers/microsoft.powerapps/apis/shared_sharepointonline","displayName":"SharePoint","iconUri":"https://connectoricons-prod.azureedge.net/releases/v1.0.1670/1.0.1670.3526/sharepointonline/icon.png","dataSources":["Liste Référents Métier Power BI","Liste Référents Métier Power Apps et Power Automate","Référents métier - FAQ","Hub_Connecteurs","Hub_Outils","Hub_Liens","Hub_Referentiel"],"dependencies":[],"dependents":[],"parameterHints":{},"parameterHintsV2":{},"isOnPremiseConnection":false,"bypassConsent":false,"dataSets":{"https://edfonline.sharepoint.com/sites/CentreDesRessources":{"dataSources":{"Liste Référents Métier Power BI":{"tableName":"fe601ba3-ee74-4762-a61d-3dad43e3a501"},"Liste Référents Métier Power Apps et Power Automate":{"tableName":"bd728883-9959-47d6-93f0-9660f78505cd"},"Référents métier - FAQ":{"tableName":"952f8a8a-0e13-4102-a4d7-76d9048cfdd5"}}},"https://edfonline.sharepoint.com/sites/DPNT-GouvernancePowerPlatform":{"dataSources":{"Hub_Connecteurs":{"tableName":"595c2b2d-6938-460d-829f-8e2c18162ce7"},"Hub_Outils":{"tableName":"4624dd07-c068-4e10-9157-4ae151bcb6b1"},"Hub_Liens":{"tableName":"a7f2616e-5cc1-4b3e-aece-73172772cf13"},"Hub_Referentiel":{"tableName":"c5c74174-a98a-4356-892f-ae2ff83de88f"}}}},"apiTier":"Standard","actions":["providers/PowerPlatform.Governance/Operations/Read"]},"9f5a4ca0-6022-4b24-93c6-6183e845f578":{"id":"/providers/microsoft.powerapps/apis/shared_office365users","displayName":"Utilisateurs d’Office 365","iconUri":"https://connectoricons-prod.azureedge.net/releases/v1.0.1672/1.0.1672.3545/office365users/icon.png","dataSources":["Utilisateursd’Office365"],"dependencies":[],"dependents":[],"parameterHints":{},"parameterHintsV2":{},"isOnPremiseConnection":false,"bypassConsent":false,"dataSets":{},"apiTier":"Standard","actions":["UserPhoto"]}}</ConnectionReferences>
      <DatabaseReferences>{}</DatabaseReferences>
      <AppComponents>[]</AppComponents>
      <AppComponentDependencies>[]</AppComponentDependencies>
      <CanConsumeAppPass>1</CanConsumeAppPass>
      <CanvasAppType>0</CanvasAppType>
      <BypassConsent>0</BypassConsent>
      <AdminControlBypassConsent>0</AdminControlBypassConsent>
      <EmbeddedApp xsi:nil="true"></EmbeddedApp>
      <IntroducedVersion>1.0</IntroducedVersion>
      <CdsDependencies>{"cdsdependencies":[]}</CdsDependencies>
      <IsCustomizable>1</IsCustomizable>
      <BackgroundImageUri>/CanvasApps/hubpp_hubgouvernancepowerplatformdpnt_98be8_BackgroundImageUri</BackgroundImageUri>
      <DocumentUri>/CanvasApps/hubpp_hubgouvernancepowerplatformdpnt_98be8_DocumentUri.msapp</DocumentUri>
    </CanvasApp>
  </CanvasApps>
  <Languages>
    <Language>1036</Language>
  </Languages>
</ImportExportXml>