{
  "properties": {
    "connectionReferences": {
      "shared_powerbi-2": {
        "runtimeSource": "embedded",
        "connection": {
          "connectionReferenceLogicalName": "cr0dd_sharedpowerbi_b6542"
        },
        "api": {
          "name": "shared_powerbi"
        }
      },
      "shared_sharepointonline": {
        "runtimeSource": "embedded",
        "connection": {
          "connectionReferenceLogicalName": "cr0dd_sharedsharepointonline_205f7"
        },
        "api": {
          "name": "shared_sharepointonline"
        }
      },
      "shared_office365": {
        "runtimeSource": "embedded",
        "connection": {
          "connectionReferenceLogicalName": "cr0dd_sharedoffice365_19ca2"
        },
        "api": {
          "name": "shared_office365"
        }
      }
    },
    "definition": {
      "$schema": "https://schema.management.azure.com/providers/Microsoft.Logic/schemas/2016-06-01/workflowdefinition.json#",
      "contentVersion": "undefined",
      "parameters": {
        "$connections": {
          "defaultValue": {},
          "type": "Object"
        },
        "$authentication": {
          "defaultValue": {},
          "type": "SecureObject"
        }
      },
      "triggers": {
        "Recurrence": {
          "recurrence": {
            "frequency": "Day",
            "interval": 1,
            "startTime": "2024-01-05T13:00:00Z"
          },
          "metadata": {
            "operationMetadataId": "54429897-a343-4742-9210-ad2dd9469d55"
          },
          "type": "Recurrence"
        }
      },
      "actions": {
        "Initialiser_var_Date_Réception": {
          "runAfter": {
            "Exécuter_une_requête_sur_un_jeu_de_données": [
              "Succeeded"
            ]
          },
          "metadata": {
            "operationMetadataId": "48c372df-6cd9-40d0-948d-c75d988079a5"
          },
          "type": "InitializeVariable",
          "inputs": {
            "variables": [
              {
                "name": "var_Date_réception",
                "type": "string"
              }
            ]
          }
        },
        "Initialiser_var_lien_PowerApps": {
          "runAfter": {
            "Exécuter_une_requête_sur_un_jeu_de_données": [
              "Succeeded"
            ]
          },
          "metadata": {
            "operationMetadataId": "f4005edf-f69d-4cb5-bbe8-c3e467bef451"
          },
          "type": "InitializeVariable",
          "inputs": {
            "variables": [
              {
                "name": "var_PowerApps",
                "type": "string",
                "value": "https://apps.powerapps.com/play/6aa87512-6209-4631-84ad-a21ca4545fd6?"
              }
            ]
          }
        },
        "Initialiser_var_Mail": {
          "runAfter": {
            "Exécuter_une_requête_sur_un_jeu_de_données": [
              "Succeeded"
            ]
          },
          "metadata": {
            "operationMetadataId": "c34ffcca-970f-442d-bbca-1096e0c2fd7c"
          },
          "type": "InitializeVariable",
          "inputs": {
            "variables": [
              {
                "name": "var_Mail",
                "type": "string"
              }
            ]
          }
        },
        "Initialiser_var_Cde": {
          "runAfter": {
            "Exécuter_une_requête_sur_un_jeu_de_données": [
              "Succeeded"
            ]
          },
          "metadata": {
            "operationMetadataId": "3b007ca0-61c6-4995-9d5f-e1e514cc1de3"
          },
          "type": "InitializeVariable",
          "inputs": {
            "variables": [
              {
                "name": "var_Cde",
                "type": "string"
              }
            ]
          }
        },
        "Initialiser_var_Fournisseur": {
          "runAfter": {
            "Exécuter_une_requête_sur_un_jeu_de_données": [
              "Succeeded"
            ]
          },
          "metadata": {
            "operationMetadataId": "500bc3ab-4c45-4dc6-90aa-75e20be71149"
          },
          "type": "InitializeVariable",
          "inputs": {
            "variables": [
              {
                "name": "var_Fournisseur",
                "type": "string"
              }
            ]
          }
        },
        "Initialiser_var_Libellé_Cde": {
          "runAfter": {
            "Exécuter_une_requête_sur_un_jeu_de_données": [
              "Succeeded"
            ]
          },
          "metadata": {
            "operationMetadataId": "908fea0a-2745-4149-a372-f8eb6cb29563"
          },
          "type": "InitializeVariable",
          "inputs": {
            "variables": [
              {
                "name": "var_Libellé_Cde",
                "type": "string"
              }
            ]
          }
        },
        "Exécuter_une_requête_sur_un_jeu_de_données": {
          "runAfter": {},
          "metadata": {
            "operationMetadataId": "6ce8fa6d-d978-4535-b602-2013268d319a"
          },
          "type": "OpenApiConnection",
          "inputs": {
            "host": {
              "connectionName": "shared_powerbi-2",
              "operationId": "ExecuteDatasetQuery",
              "apiId": "/providers/Microsoft.PowerApps/apis/shared_powerbi"
            },
            "parameters": {
              "groupid": "myworkspace",
              "datasetid": "0002d2a2-4f0e-42ff-aff5-8cb8692ea746",
              "specification/query": "// DAX Query\nDEFINE\n  VAR __DS0Core = \n    SUMMARIZE(\n      'Questionnaire',\n      'Questionnaire'[N° commande],\n      'Questionnaire'[Email],\n      'Questionnaire'[Date dernière réception],\n      'Questionnaire'[Fournisseur],\n      'Questionnaire'[Libellé Cde],\n      'Questionnaire'[Libellé Fournisseur]\n    )\n\n  VAR __DS0PrimaryWindowed = \n    TOPN(\n      501,\n      __DS0Core,\n      'Questionnaire'[N° commande],\n      1,\n      'Questionnaire'[Email],\n      1,\n      'Questionnaire'[Date dernière réception],\n      1,\n      'Questionnaire'[Fournisseur],\n      1,\n      'Questionnaire'[Libellé Cde],\n      1,\n      'Questionnaire'[Libellé Fournisseur],\n      1\n    )\n\nEVALUATE\n  __DS0PrimaryWindowed\n\nORDER BY\n  'Questionnaire'[Date dernière réception] DESC,  \n  'Questionnaire'[N° commande],\n  'Questionnaire'[Email],\n  'Questionnaire'[Fournisseur],\n  'Questionnaire'[Libellé Cde],\n  'Questionnaire'[Libellé Fournisseur]\n  \n\n",
              "specification/serializerSettings/includeNulls": false
            },
            "authentication": "@parameters('$authentication')"
          }
        },
        "Initialiser_var_Listing_Cde": {
          "runAfter": {
            "Exécuter_une_requête_sur_un_jeu_de_données": [
              "Succeeded"
            ]
          },
          "metadata": {
            "operationMetadataId": "b07b93ce-42e4-4b0c-983f-0ba5da132b30"
          },
          "type": "InitializeVariable",
          "inputs": {
            "variables": [
              {
                "name": "var_Listing_Cde",
                "type": "array",
                "value": "@outputs('Exécuter_une_requête_sur_un_jeu_de_données')?['body/firstTableRows']"
              }
            ]
          }
        },
        "Créer_un_tableau_CSV_-_Liste_Cde": {
          "runAfter": {
            "Initialiser_var_Date_Réception": [
              "Succeeded"
            ],
            "Initialiser_var_lien_PowerApps": [
              "Succeeded"
            ],
            "Initialiser_var_Mail": [
              "Succeeded"
            ],
            "Initialiser_var_Cde": [
              "Succeeded"
            ],
            "Initialiser_var_Fournisseur": [
              "Succeeded"
            ],
            "Initialiser_var_Libellé_Cde": [
              "Succeeded"
            ],
            "Initialiser_var_Listing_Cde": [
              "Succeeded"
            ],
            "Initialiser_var_Libellé_Frs": [
              "Succeeded"
            ],
            "Initialiser_var_Logo_EDF": [
              "Succeeded"
            ],
            "Initialiser_var_image_EDF_Hydro": [
              "Succeeded"
            ]
          },
          "metadata": {
            "operationMetadataId": "f332147d-53d6-4d86-bf35-1f2c2d8d472e"
          },
          "type": "Table",
          "inputs": {
            "from": "@outputs('Exécuter_une_requête_sur_un_jeu_de_données')?['body/firstTableRows']",
            "format": "CSV"
          }
        },
        "Appliquer_à_chacun_ligne_du_listing_de_cde": {
          "foreach": "@variables('var_Listing_Cde')",
          "actions": {
            "Définir_une_variable_-_Mail": {
              "runAfter": {},
              "metadata": {
                "operationMetadataId": "c0a1e862-5aeb-463d-940f-085935b99675"
              },
              "type": "SetVariable",
              "inputs": {
                "name": "var_Mail",
                "value": "@{item()['Questionnaire[Email]']}"
              }
            },
            "Définir_une_variable_-_Cde": {
              "runAfter": {},
              "metadata": {
                "operationMetadataId": "c3fa7f3b-541a-4dcb-9702-bdf511c6ee84"
              },
              "type": "SetVariable",
              "inputs": {
                "name": "var_Cde",
                "value": "@{item()['Questionnaire[N° commande]']}"
              }
            },
            "Définir_une_variable_-_Fournisseur": {
              "runAfter": {},
              "metadata": {
                "operationMetadataId": "a8ecaa5f-f886-40c5-b201-108d8cd8e641"
              },
              "type": "SetVariable",
              "inputs": {
                "name": "var_Fournisseur",
                "value": "@{item()['Questionnaire[Fournisseur]']}"
              }
            },
            "Définir_une_variable_-_Libelle_Cde": {
              "runAfter": {},
              "metadata": {
                "operationMetadataId": "98ff5c82-a19d-4503-b3f0-ff99a8caef6b"
              },
              "type": "SetVariable",
              "inputs": {
                "name": "var_Libellé_Cde",
                "value": "@{replace(items('Appliquer_à_chacun_ligne_du_listing_de_cde')['Questionnaire[Libellé Cde]'],'\"','')}"
              }
            },
            "Obtenir_le_contenu_du_fichier_-_listing_cde_questionnaire_envoyé.csv": {
              "runAfter": {
                "Définir_une_variable_-_Mail": [
                  "Succeeded"
                ],
                "Définir_une_variable_-_Cde": [
                  "Succeeded"
                ],
                "Définir_une_variable_-_Fournisseur": [
                  "Succeeded"
                ],
                "Définir_une_variable_-_Libelle_Cde": [
                  "Succeeded"
                ],
                "Définir_une_variable_-_Libelle_Frs": [
                  "Succeeded"
                ],
                "Définir_une_variable_-_Date_de_réception": [
                  "Succeeded"
                ]
              },
              "metadata": {
                "operationMetadataId": "0f2b6ad8-40d2-426d-9b25-dd0f3932b58b"
              },
              "type": "OpenApiConnection",
              "inputs": {
                "host": {
                  "connectionName": "shared_sharepointonline",
                  "operationId": "GetFileContentByPath",
                  "apiId": "/providers/Microsoft.PowerApps/apis/shared_sharepointonline"
                },
                "parameters": {
                  "dataset": "https://edfonline.sharepoint.com/sites/DPNT-EM-DGF-POWERPLATFORM",
                  "path": "/EDF_HYDRO_FORMULAIRE/listing_cde_questionnaire_envoyé.csv",
                  "inferContentType": true
                },
                "authentication": "@parameters('$authentication')"
              }
            },
            "Mettre_à_jour_le_fichier": {
              "runAfter": {
                "Obtenir_le_contenu_du_fichier_-_listing_cde_questionnaire_envoyé.csv": [
                  "Succeeded"
                ]
              },
              "metadata": {
                "%252fEDF_HYDRO_FORMULAIRE%252flisting_cde_questionnaire_envoy%25c3%25a9.csv": "/EDF_HYDRO_FORMULAIRE/listing_cde_questionnaire_envoyé.csv",
                "operationMetadataId": "0329c087-7692-42e7-a31f-0e2e60b87624"
              },
              "type": "OpenApiConnection",
              "inputs": {
                "host": {
                  "connectionName": "shared_sharepointonline",
                  "operationId": "UpdateFile",
                  "apiId": "/providers/Microsoft.PowerApps/apis/shared_sharepointonline"
                },
                "parameters": {
                  "dataset": "https://edfonline.sharepoint.com/sites/DPNT-EM-DGF-POWERPLATFORM",
                  "id": "%252fEDF_HYDRO_FORMULAIRE%252flisting_cde_questionnaire_envoy%25c3%25a9.csv",
                  "body": "@{body('Obtenir_le_contenu_du_fichier_-_listing_cde_questionnaire_envoyé.csv')}\n@{variables('var_Cde')};@{formatDateTime(utcNow(),'dd/MM/yyyy')}"
                },
                "authentication": "@parameters('$authentication')"
              }
            },
            "Définir_une_variable_-_Libelle_Frs": {
              "runAfter": {},
              "metadata": {
                "operationMetadataId": "1bd62a51-2c85-40e9-b5b4-036dfb56f5ec"
              },
              "type": "SetVariable",
              "inputs": {
                "name": "var_Libelle_Frs",
                "value": "@{item()['Questionnaire[Libellé Fournisseur]']}"
              }
            },
            "Définir_une_variable_-_Date_de_réception": {
              "runAfter": {},
              "metadata": {
                "operationMetadataId": "1070dccb-6588-471a-8137-e597165457d1"
              },
              "type": "SetVariable",
              "inputs": {
                "name": "var_Date_réception",
                "value": "@{formatDateTime(item()['Questionnaire[Date dernière réception]'],'dd/MM/yyyy')}"
              }
            },
            "Envoyer_un_e-mail_à_l'interlocuteur_technique": {
              "runAfter": {
                "Mettre_à_jour_le_fichier": [
                  "Succeeded"
                ]
              },
              "metadata": {
                "operationMetadataId": "d0ac8351-fea4-45df-812c-d56977d8ecfa"
              },
              "type": "OpenApiConnection",
              "inputs": {
                "host": {
                  "connectionName": "shared_office365",
                  "operationId": "SharedMailboxSendEmailV2",
                  "apiId": "/providers/Microsoft.PowerApps/apis/shared_office365"
                },
                "parameters": {
                  "emailMessage/MailboxAddress": "nicolas.bailleux@edf.fr",
                  "emailMessage/To": "nicolas.bailleux@edf.fr",
                  "emailMessage/Subject": "Questionnaire d'évaluation fournisseur pour la commande @{variables('var_Cde')}",
                  "emailMessage/Body": "<div align=center id=\"background\" style=\"background-color:#4472C4;width:1100px;height:100px\">\n<table border=\"0\" style=\"width:100%;color:white;font-family:'Century Gothic';background-color:#4472C4\">\n<tr style=\"height:100px\"><td style=\"text-align:left;vertical-align:left;font-size:16px;width:25%\"><img @{variables('Image_EDF_Hydro')} width=\"100%\"  /></td><td style=\"text-align:center;vertical-align:middle;font-size:20px;width:50%\">Questionnaire QCD MRO Fournisseur</td><td style=\"text-align:right;vertical-align:middle;width:24%\"><img @{variables('Image_Logo_EDF')}  /></td><td style=\"width:1%\">&nbsp;</td></tr>\n</table></div>\n<div align=left style=\"width:1090px;font-family:'Century Gothic';font-size:16px;background-color:#F2F2F2\">\n<table border=\"0\" style=\"width:100%;font-family:'Century Gothic';font-size:16px;background-color:#E9F1F9;color:#00155A\">\n<tr><td style=\"width:10px\">&nbsp;</td>\n<td>\n&nbsp;<br><br>\nBonjour,<br><br>\nVous avez réceptionné récemment une prestation ou une fourniture en lien avec la commande \"<b> n° @{variables('var_Cde')} - @{variables('var_Libellé_Cde')}</b> \".<br>\nMerci de bien vouloir consacrer 1 minute de votre temps pour donner votre avis en remplissant <a href=\"@{variables('var_PowerApps')}Cde=@{variables('var_Cde')}&Frs=@{variables('var_Fournisseur')}&Date=@{variables('var_Date_réception')}&Libelle_Cde=@{variables('var_Libellé_Cde')}&Libelle_Frs=@{variables('var_Libelle_Frs')}\" title=\"Evaluation fournisseur pour la commande N° @{variables('var_Cde')}\">ce questionnaire</a><br>\n<br>\n<br>\nCordialement,<br>\n<br>\nL’équipe xxxxx\n<br>&nbsp;<br>&nbsp;<br>\n</td>\n</tr>\n</table>\n</div>\n<div style=\"width:100%;height:5px;background-color:#4472C4;font-size:5px\">&nbsp;</div>",
                  "emailMessage/Importance": "Normal"
                },
                "authentication": "@parameters('$authentication')"
              }
            }
          },
          "runAfter": {
            "Créer_un_tableau_CSV_-_Liste_Cde": [
              "Succeeded"
            ]
          },
          "metadata": {
            "operationMetadataId": "6db687f5-d707-4b32-891b-0d7b1a9564ef"
          },
          "type": "Foreach"
        },
        "Initialiser_var_Libellé_Frs": {
          "runAfter": {
            "Exécuter_une_requête_sur_un_jeu_de_données": [
              "Succeeded"
            ]
          },
          "metadata": {
            "operationMetadataId": "4f4b4355-893e-4cdc-81a6-641ba84975b9"
          },
          "type": "InitializeVariable",
          "inputs": {
            "variables": [
              {
                "name": "var_Libelle_Frs",
                "type": "string"
              }
            ]
          }
        },
        "Obtenir_le_contenu_du_fichier_à_l'aide_du_chemin_d'accès_-_logo_EDF": {
          "runAfter": {
            "Exécuter_une_requête_sur_un_jeu_de_données": [
              "Succeeded"
            ]
          },
          "metadata": {
            "operationMetadataId": "213df336-d4ce-492b-9818-ab7da9fae867"
          },
          "type": "OpenApiConnection",
          "inputs": {
            "host": {
              "connectionName": "shared_sharepointonline",
              "operationId": "GetFileContentByPath",
              "apiId": "/providers/Microsoft.PowerApps/apis/shared_sharepointonline"
            },
            "parameters": {
              "dataset": "https://edfonline.sharepoint.com/sites/DPNT-EM-DGF-POWERPLATFORM",
              "path": "/EDF_HYDRO_FORMULAIRE/logo_EDF.png",
              "inferContentType": true
            },
            "authentication": "@parameters('$authentication')"
          }
        },
        "Initialiser_var_Logo_EDF": {
          "runAfter": {
            "Obtenir_le_contenu_du_fichier_à_l'aide_du_chemin_d'accès_-_logo_EDF": [
              "Succeeded"
            ]
          },
          "metadata": {
            "operationMetadataId": "10e31375-feb4-470c-b9ca-ca797bac2611"
          },
          "type": "InitializeVariable",
          "inputs": {
            "variables": [
              {
                "name": "Image_Logo_EDF",
                "type": "string",
                "value": "src=data:image/jpeg;base64,@{body('Obtenir_le_contenu_du_fichier_à_l''aide_du_chemin_d''accès_-_logo_EDF')['$content']}"
              }
            ]
          }
        },
        "Obtenir_le_contenu_du_fichier_à_l'aide_du_chemin_d'accès_-_Image_EDF_Hydro": {
          "runAfter": {
            "Exécuter_une_requête_sur_un_jeu_de_données": [
              "Succeeded"
            ]
          },
          "metadata": {
            "operationMetadataId": "4e6210d0-2a5c-4b6b-ab99-8adbdfe2e440"
          },
          "type": "OpenApiConnection",
          "inputs": {
            "host": {
              "connectionName": "shared_sharepointonline",
              "operationId": "GetFileContentByPath",
              "apiId": "/providers/Microsoft.PowerApps/apis/shared_sharepointonline"
            },
            "parameters": {
              "dataset": "https://edfonline.sharepoint.com/sites/DPNT-EM-DGF-POWERPLATFORM",
              "path": "/EDF_HYDRO_FORMULAIRE/image_edf_hydro.jpg",
              "inferContentType": true
            },
            "authentication": "@parameters('$authentication')"
          }
        },
        "Initialiser_var_image_EDF_Hydro": {
          "runAfter": {
            "Obtenir_le_contenu_du_fichier_à_l'aide_du_chemin_d'accès_-_Image_EDF_Hydro": [
              "Succeeded"
            ]
          },
          "metadata": {
            "operationMetadataId": "9845d11d-adfd-4693-a753-16244707d0a3"
          },
          "type": "InitializeVariable",
          "inputs": {
            "variables": [
              {
                "name": "Image_EDF_Hydro",
                "type": "string",
                "value": "src=data:image/jpeg;base64,@{body('Obtenir_le_contenu_du_fichier_à_l''aide_du_chemin_d''accès_-_Image_EDF_Hydro')['$content']}"
              }
            ]
          }
        }
      }
    },
    "templateName": ""
  },
  "schemaVersion": "1.0.0.0"
}