{
  "properties": {
    "connectionReferences": {
      "shared_sharepointonline": {
        "runtimeSource": "embedded",
        "connection": {
          "connectionReferenceLogicalName": "cr0dd_sharedsharepointonline_205f7"
        },
        "api": {
          "name": "shared_sharepointonline"
        }
      }
    },
    "definition": {
      "$schema": "https://schema.management.azure.com/providers/Microsoft.Logic/schemas/2016-06-01/workflowdefinition.json#",
      "contentVersion": "1.0.0.0",
      "parameters": {
        "$connections": {
          "defaultValue": {},
          "type": "Object"
        },
        "$authentication": {
          "defaultValue": {},
          "type": "SecureObject"
        }
      },
      "triggers": {
        "Recurrence": {
          "recurrence": {
            "frequency": "Day",
            "interval": 1,
            "startTime": "2024-01-12T12:00:00Z"
          },
          "metadata": {
            "operationMetadataId": "0e0f7ae5-c48d-417b-9f4d-c291336d31af"
          },
          "type": "Recurrence"
        }
      },
      "actions": {
        "Get_items": {
          "runAfter": {},
          "metadata": {
            "flowSystemMetadata": {
              "swaggerOperationId": "GetItems"
            },
            "operationMetadataId": "b494da47-445a-4eac-a0e6-db5f2e7b0d0a"
          },
          "type": "ApiConnection",
          "inputs": {
            "host": {
              "connection": {
                "name": "@parameters('$connections')['shared_sharepointonline']['connectionId']"
              }
            },
            "method": "get",
            "path": "/datasets/@{encodeURIComponent(encodeURIComponent('https://edfonline.sharepoint.com/sites/DPNT-EM-DGF-POWERPLATFORM'))}/tables/@{encodeURIComponent(encodeURIComponent('59e2e01d-5ca6-4b78-a0bb-4c5544c6ca16'))}/items",
            "authentication": "@parameters('$authentication')"
          }
        },
        "Apply_to_each": {
          "foreach": "@body('Get_items')?['value']",
          "actions": {
            "Ajouter_à_la_variable_de_tableau": {
              "runAfter": {},
              "metadata": {
                "operationMetadataId": "bcf8e464-5155-4bc2-9093-d2a0f02cbecc"
              },
              "type": "AppendToArrayVariable",
              "inputs": {
                "name": "Array_liste_sharepoint",
                "value": {
                  "Numero Commande": "@items('Apply_to_each')?['Title']",
                  "Fournisseur": "@items('Apply_to_each')?['Fournisseur']",
                  "Commentaire": "@items('Apply_to_each')?['Commentaire']",
                  "Conseil": "@items('Apply_to_each')?['Conseil']?['Value']",
                  "Interlocuteur Technique": "@items('Apply_to_each')?['InterlocuteurTechnique']",
                  "Date de reception": "@items('Apply_to_each')?['Dateder_x00e9_ception']",
                  "Date de reponse": "@items('Apply_to_each')?['Dateder_x00e9_ponse']",
                  "Qualite": "@items('Apply_to_each')?['Qualit_x00e9_']",
                  "Cout": "@items('Apply_to_each')?['Co_x00fb_t']",
                  "Delai": "@items('Apply_to_each')?['D_x00e9_lai']",
                  "Maitrise des risques": "@items('Apply_to_each')?['Ma_x00ee_trisedesrisques']"
                }
              }
            }
          },
          "runAfter": {
            "Initialiser_la_variable": [
              "Succeeded"
            ]
          },
          "metadata": {
            "operationMetadataId": "e5e34c79-4d0d-4162-b726-d81c9fc8acd3"
          },
          "type": "Foreach"
        },
        "Initialiser_la_variable": {
          "runAfter": {
            "Get_items": [
              "Succeeded"
            ]
          },
          "metadata": {
            "operationMetadataId": "9e828cd8-f2d6-4ecf-976d-037d99352277"
          },
          "type": "InitializeVariable",
          "inputs": {
            "variables": [
              {
                "name": "Array_liste_sharepoint",
                "type": "array"
              }
            ]
          }
        },
        "Créer_un_tableau_CSV": {
          "runAfter": {
            "Apply_to_each": [
              "Succeeded"
            ]
          },
          "metadata": {
            "operationMetadataId": "cd952995-61dd-4eb1-a35c-007c35b01a70"
          },
          "type": "Table",
          "inputs": {
            "from": "@variables('Array_liste_sharepoint')",
            "format": "CSV"
          }
        },
        "Mettre_à_jour_le_fichier": {
          "runAfter": {
            "Créer_un_tableau_CSV": [
              "Succeeded"
            ]
          },
          "metadata": {
            "%252fEDF_HYDRO_FORMULAIRE%252fr%25c3%25a9ponse_questionnaire.csv": "/EDF_HYDRO_FORMULAIRE/réponse_questionnaire.csv",
            "operationMetadataId": "98819982-8d59-4522-b73c-c8d02c133bc6",
            "flowSystemMetadata": {
              "swaggerOperationId": "UpdateFile"
            }
          },
          "type": "ApiConnection",
          "inputs": {
            "host": {
              "connection": {
                "name": "@parameters('$connections')['shared_sharepointonline']['connectionId']"
              }
            },
            "method": "put",
            "body": "@body('Créer_un_tableau_CSV')",
            "path": "/datasets/@{encodeURIComponent(encodeURIComponent('https://edfonline.sharepoint.com/sites/DPNT-EM-DGF-POWERPLATFORM'))}/files/@{encodeURIComponent(encodeURIComponent('%252fEDF_HYDRO_FORMULAIRE%252fr%25c3%25a9ponse_questionnaire.csv'))}",
            "authentication": "@parameters('$authentication')"
          }
        }
      },
      "outputs": {}
    },
    "templateName": null
  },
  "schemaVersion": "1.0.0.0"
}