<ImportExportXml xmlns:xsi="http://www.w3.org/2001/XMLSchema-instance">
  <Entities></Entities>
  <Roles></Roles>
  <Workflows>
    <Workflow WorkflowId="{c17cbc1a-d9b5-ee11-a569-6045bd905be7}" Name="EDF Hydro - Enquête Fournisseur - Save Excel des réponses" Description="Extrait le contenu de la liste sharepoint &quot;EDF_HYDRO_FORMULAIRE_BDD&quot; dans le fichier Excel &quot;réponse_questionnaire&quot; stocké dans la bibliothèque Sharepoint &quot;EDF_HYDRO_FORMULAIRE&quot;">
      <JsonFileName>/Workflows/EDFHydro-EnquteFournisseur-SaveExceldesrponses-C17CBC1A-D9B5-EE11-A569-6045BD905BE7.json</JsonFileName>
      <Type>1</Type>
      <Subprocess>0</Subprocess>
      <Category>5</Category>
      <Mode>0</Mode>
      <Scope>4</Scope>
      <OnDemand>0</OnDemand>
      <TriggerOnCreate>0</TriggerOnCreate>
      <TriggerOnDelete>0</TriggerOnDelete>
      <AsyncAutodelete>0</AsyncAutodelete>
      <SyncWorkflowLogOnFailure>0</SyncWorkflowLogOnFailure>
      <StateCode>1</StateCode>
      <StatusCode>2</StatusCode>
      <RunAs>1</RunAs>
      <IsTransacted>1</IsTransacted>
      <IntroducedVersion>1.0.0.0</IntroducedVersion>
      <IsCustomizable>1</IsCustomizable>
      <BusinessProcessType>0</BusinessProcessType>
      <IsCustomProcessingStepAllowedForOtherPublishers>1</IsCustomProcessingStepAllowedForOtherPublishers>
      <PrimaryEntity>none</PrimaryEntity>
      <LocalizedNames>
        <LocalizedName languagecode="1036" description="EDF Hydro - Enquête Fournisseur - Save Excel des réponses" />
      </LocalizedNames>
      <Descriptions>
        <Description languagecode="1036" description="Extrait le contenu de la liste sharepoint &quot;EDF_HYDRO_FORMULAIRE_BDD&quot; dans le fichier Excel &quot;réponse_questionnaire&quot; stocké dans la bibliothèque Sharepoint &quot;EDF_HYDRO_FORMULAIRE&quot;" />
      </Descriptions>
    </Workflow>
    <Workflow WorkflowId="{c27cbc1a-d9b5-ee11-a569-6045bd905be7}" Name="EDF Hydro - Enquête Fournisseur">
      <JsonFileName>/Workflows/EDFHydro-EnquteFournisseur-C27CBC1A-D9B5-EE11-A569-6045BD905BE7.json</JsonFileName>
      <Type>1</Type>
      <Subprocess>0</Subprocess>
      <Category>5</Category>
      <Mode>0</Mode>
      <Scope>4</Scope>
      <OnDemand>0</OnDemand>
      <TriggerOnCreate>0</TriggerOnCreate>
      <TriggerOnDelete>0</TriggerOnDelete>
      <AsyncAutodelete>0</AsyncAutodelete>
      <SyncWorkflowLogOnFailure>0</SyncWorkflowLogOnFailure>
      <StateCode>1</StateCode>
      <StatusCode>2</StatusCode>
      <RunAs>1</RunAs>
      <IsTransacted>1</IsTransacted>
      <IntroducedVersion>1.0.0.0</IntroducedVersion>
      <IsCustomizable>1</IsCustomizable>
      <BusinessProcessType>0</BusinessProcessType>
      <IsCustomProcessingStepAllowedForOtherPublishers>1</IsCustomProcessingStepAllowedForOtherPublishers>
      <PrimaryEntity>none</PrimaryEntity>
      <LocalizedNames>
        <LocalizedName languagecode="1036" description="EDF Hydro - Enquête Fournisseur" />
      </LocalizedNames>
    </Workflow>
  </Workflows>
  <FieldSecurityProfiles></FieldSecurityProfiles>
  <Templates />
  <EntityMaps />
  <EntityRelationships />
  <OrganizationSettings />
  <optionsets />
  <CustomControls />
  <EntityDataProviders />
  <CanvasApps>
    <CanvasApp>
      <Name>cr0dd_edfhydroenqutefournisseur_514ef</Name>
      <AppVersion>2024-01-18T14:00:54Z</AppVersion>
      <Status>Ready</Status>
      <CreatedByClientVersion>3.23123.15.0</CreatedByClientVersion>
      <MinClientVersion>3.23123.15.0</MinClientVersion>
      <Tags>{"primaryDeviceWidth":"1366","primaryDeviceHeight":"768","supportsPortrait":"true","supportsLandscape":"true","primaryFormFactor":"Tablet","publisherVersion":"3.23123.15","minimumRequiredApiVersion":"2.2.0","hasComponent":"false","hasUnlockedComponent":"false","isUnifiedRootApp":"false","sienaVersion":"20240117T110610Z-3.23123.15.0","showStatusBar":"false","offlineLargeFilesSupport":"false"}</Tags>
      <IsCdsUpgraded>0</IsCdsUpgraded>
      <GalleryItemId xsi:nil="true"></GalleryItemId>
      <BackgroundColor>rgba(184, 0, 0, 1)</BackgroundColor>
      <DisplayName>EDF Hydro - Enquête Fournisseur</DisplayName>
      <Description>Enquête fournisseur pour les commandes entre 1K€ et 50 K€</Description>
      <CommitMessage xsi:nil="true"></CommitMessage>
      <Publisher xsi:nil="true"></Publisher>
      <AuthorizationReferences>[]</AuthorizationReferences>
      <ConnectionReferences>{"a42f813b-8c08-43c5-b7a5-762eacbea8e4":{"id":"/providers/microsoft.powerapps/apis/shared_sharepointonline","displayName":"SharePoint","iconUri":"https://connectoricons-prod.azureedge.net/releases/v1.0.1670/1.0.1670.3526/sharepointonline/icon.png","dataSources":["EDF_HYDRO_FORMULAIRE_BDD"],"dependencies":[],"dependents":[],"parameterHints":{},"parameterHintsV2":{},"isOnPremiseConnection":false,"bypassConsent":false,"dataSets":{"https://edfonline.sharepoint.com/sites/DPNT-EM-DGF-POWERPLATFORM":{"dataSources":{"EDF_HYDRO_FORMULAIRE_BDD":{"tableName":"59e2e01d-5ca6-4b78-a0bb-4c5544c6ca16"}}}},"apiTier":"Standard","actions":["providers/PowerPlatform.Governance/Operations/Read","providers/PowerPlatform.Governance/Operations/Write"]}}</ConnectionReferences>
      <DatabaseReferences>{}</DatabaseReferences>
      <AppComponents>[]</AppComponents>
      <AppComponentDependencies>[]</AppComponentDependencies>
      <CanConsumeAppPass>1</CanConsumeAppPass>
      <CanvasAppType>0</CanvasAppType>
      <BypassConsent>0</BypassConsent>
      <AdminControlBypassConsent>0</AdminControlBypassConsent>
      <EmbeddedApp xsi:nil="true"></EmbeddedApp>
      <IntroducedVersion>1.0</IntroducedVersion>
      <CdsDependencies>{"cdsdependencies":[]}</CdsDependencies>
      <IsCustomizable>1</IsCustomizable>
      <BackgroundImageUri>/CanvasApps/cr0dd_edfhydroenqutefournisseur_514ef_BackgroundImageUri</BackgroundImageUri>
      <DocumentUri>/CanvasApps/cr0dd_edfhydroenqutefournisseur_514ef_DocumentUri.msapp</DocumentUri>
      <AdditionalUris>
        <AdditionalUri>/CanvasApps/cr0dd_edfhydroenqutefournisseur_514ef_AdditionalUris0_identity.json</AdditionalUri>
      </AdditionalUris>
    </CanvasApp>
  </CanvasApps>
  <connectionreferences>
    <connectionreference connectionreferencelogicalname="cr0dd_sharedoffice365_19ca2">
      <connectionreferencedisplayname>Office 365 Outlook EDF_HYDRO_ENQUETE_FOURNISSEUR-19ca2</connectionreferencedisplayname>
      <connectorid>/providers/Microsoft.PowerApps/apis/shared_office365</connectorid>
      <iscustomizable>1</iscustomizable>
      <statecode>0</statecode>
      <statuscode>1</statuscode>
    </connectionreference>
    <connectionreference connectionreferencelogicalname="cr0dd_sharedpowerbi_b6542">
      <connectionreferencedisplayname>Power BI EDF_HYDRO_ENQUETE_FOURNISSEUR-b6542</connectionreferencedisplayname>
      <connectorid>/providers/Microsoft.PowerApps/apis/shared_powerbi</connectorid>
      <iscustomizable>1</iscustomizable>
      <statecode>0</statecode>
      <statuscode>1</statuscode>
    </connectionreference>
    <connectionreference connectionreferencelogicalname="cr0dd_sharedsharepointonline_205f7">
      <connectionreferencedisplayname>SharePoint EDF_HYDRO_ENQUETE_FOURNISSEUR-205f7</connectionreferencedisplayname>
      <connectorid>/providers/Microsoft.PowerApps/apis/shared_sharepointonline</connectorid>
      <iscustomizable>1</iscustomizable>
      <statecode>0</statecode>
      <statuscode>1</statuscode>
    </connectionreference>
  </connectionreferences>
  <Languages>
    <Language>1036</Language>
  </Languages>
</ImportExportXml>